permalink,year,title,venue,role,themes
/publications/2026-01-09-farley-cider,2026,A Climate Intervention Dynamical Emulator (CIDER) for scenario space exploration,Geoscientific Model Development,lead,"SRM; Modeling & Methods; Climate Policy, Governance & Ethics"
/publications/2026-01-14-wang-air-quality,2026,"Air quality impacts of Stratospheric Aerosol Injections are small and mainly driven by changes in climate, not deposition",Atmospheric Chemistry and Physics,lead,SAI; SRM; Atmospheric Chemistry & Dynamics; Climate & Ecosystems Impacts
/publicationsothers/2026-08-06-perny-pinatubo-isamip,2026,Assessing the stratospheric temperature response to volcanic sulfate injections by Mt. Pinatubo: insights from the Interactive Stratospheric Aerosol Model Intercomparison Project,Atmospheric Chemistry and Physics,collab,SAI; SRM; Volcanic Aerosols; Atmospheric Chemistry & Dynamics; Climate & Ecosystems Impacts; Modeling & Methods
/publication/2026-07-07-kounta-marine-heatwaves,2026,Climate intervention through stratospheric aerosol injection may partially mitigate marine heatwaves,Environmental Research: Climate,lead,"SAI; SRM; Climate & Ecosystems Impacts; Climate Policy, Governance & Ethics"
/publicationsothers/2026-01-04-redmond-roche-srm-experiments,2026,"Differentiating solar radiation modification field experiments: Scale, technical characteristics, and governance implications",Earth's Future,collab,"SRM; Climate Policy, Governance & Ethics"
/publications/2026-01-03-lee-g6-sai,2026,G6-1.5K-SAI and G6sulfur: changes in impacts and uncertainty depending on stratospheric aerosol injection strategy in the Geoengineering Model Intercomparison Project,Atmospheric Chemistry and Physics,lead,SAI; SRM; Atmospheric Chemistry & Dynamics; Modeling & Methods
/publication/2026-06-27-rezaei-snow-streamflow,2026,Hydrologic Sensitivity of Snow and Streamflow Dynamics to Climate Forcing With and Without Stratospheric Aerosol Intervention,Water Resources Research,lead,SAI; SRM; Climate & Ecosystems Impacts
/publications/2026-01-01-clark-land-models,2026,Land models likely underestimate the impact of future atmospheric dryness on European tree growth,Geophysical Research Letters,lead,Climate & Ecosystems Impacts
/publicationsothers/2026-07-29-taylor-climate-overshoot,2026,Managing climate overshoot: a risk-based strategy for climate stabilisation,Frontiers in Climate,collab,"Climate Policy, Governance & Ethics"
/publicationsothers/2026-08-11-jorimann-ccmi2022-sai,2026,Middle atmosphere chemical and dynamical effects in the CCMI-2022 stratospheric aerosol injection scenario,Atmospheric Chemistry and Physics,collab,"SAI; SRM; Atmospheric Chemistry & Dynamics; Modeling & Methods; Climate Policy, Governance & Ethics"
/publications/2026-01-02-quaglia-water-vapor,2026,Multi-model analysis of the impact of water vapor on the radiative forcing of volcanic aerosols after the 2022 Hunga Eruption,Atmospheric Chemistry and Physics,lead,Volcanic Aerosols; Atmospheric Chemistry & Dynamics
/publication/2026-07-03-smith-detectability,2026,On the detectability by uninvolved parties of covert stratospheric aerosol injection programs producing transboundary impacts,Environmental Research: Climate,lead,"SAI; SRM; Climate Policy, Governance & Ethics"
/publication/2026-08-14-mcfarlane-smith-cirrus-cct,2026,Parallel and diverging responses across four earth system models in response to cirrus cloud thinning climate intervention experiment,Environmental Research: Climate,lead,SRM; Climate & Ecosystems Impacts
/publications/2026-01-13-roberts-marine-ecosystems,2026,Potential impacts of climate interventions on marine ecosystems,Reviews of Geophysics,lead,SRM; Climate & Ecosystems Impacts
/publicationsothers/2026-01-05-awo-african-marine,2026,Projected future of African Marine ecosystems under climate change and stratospheric aerosol injection,Journal of Geophysical Research: Oceans,collab,SAI; SRM; Climate & Ecosystems Impacts
/publicationsothers/2026-01-08-agarwal-rfa,2026,Radiative forcing–based accounting (RFA): a dynamic framework to replace static GWPs in carbon markets,Environmental Research Letters,collab,"Climate Policy, Governance & Ethics"
/publicationsothers/2026-01-12-kim-arctic-sea-ice,2026,Sensitivity of Arctic sea ice recovery to stratospheric aerosol injection latitude,npj Climate and Atmospheric Science,collab,SAI; SRM; Climate & Ecosystems Impacts
/publicationsothers/2026-01-10-ribeiro-south-america,2026,South America Monsoon Lifecycle under SAI and no-SAI scenarios in a warming world,Environmental Research: Climate,collab,"SAI; SRM; Atmospheric Chemistry & Dynamics; Climate Policy, Governance & Ethics"
/publicationsothers/2026-01-06-parry-amazon,2026,Stratospheric aerosol injection geoengineering has the potential to increase land carbon storage and to protect the Amazon rainforest,Earth System Dynamics,collab,SAI; SRM; Climate & Ecosystems Impacts
/publicationsothers/2026-01-07-duffey-hilla-sai,2026,The global climate response to High-Latitude Low-Altitude Stratospheric Aerosol Injection (HiLLA-SAI),Earth System Dynamics,collab,SAI; SRM
/publications/2026-01-11-tilmes-microphysics,2026,Uncertainties of SAI efficiency and impacts depending on the complexity of the aerosol microphysical model,Atmospheric Chemistry and Physics,lead,SAI; SRM; Atmospheric Chemistry & Dynamics; Climate & Ecosystems Impacts; Modeling & Methods
/publication/2026-07-30-oloughlin-field-experiments,2026,When are small-scale field experiments in solar geoengineering worth pursuing?,European Journal for Philosophy of Science,lead,"SRM; Climate Policy, Governance & Ethics"
/publicationsother/2025-07-02-WA,2025,Assessing Regional Climate Trends in West Africa Under Geoengineering: A Multimodel Comparison of UKESM1 and CESM2,JGR: Atmosphere,collab,SAI; SRM; Modeling & Methods
/publicationsother/2025-05-14-variables,2025,Baseline Climate Variables for Earth System Modelling,Geophysical Model Development,collab,Modeling & Methods
/publicationsother/2025-10-31-SLR,2025,Global and regional thermosteric and dynamic sea level change under stratospheric aerosol injection,Environmental Research: Climate,collab,SAI; SRM; Climate & Ecosystems Impacts
/publication/2025-5-14-ozoneMCB,2025,How marine cloud brightening could also affect stratospheric ozone,Science Advances,lead,SRM; Atmospheric Chemistry & Dynamics
/publicationsothers/2025-05-01-zhu-hthh-moc,2025,Hunga Tonga-Hunga Ha'apai Volcano Impact Model Observation Comparison (HTHH-MOC) project: experiment protocol and model descriptions,Geoscientific Model Development,collab,Volcanic Aerosols; Modeling & Methods
/publicationsother/2025-06-19-gaps,2025,Key Gaps in Models' Physical Representation of Climate Intervention and Its Impacts,Journal of Advances in Modeling the Earth System,collab,SRM
/publication/2025-6-6-risks,2025,Models and scenarios for solar radiation modification need to include human perceptions of risk,Environmental Research: Climate,lead,"SRM; Climate Policy, Governance & Ethics"
/publicationsother/2025-08-31-aridity,2025,Multi-Model Future World Aridity and Groundwater Recharge Changes With and Without Stratospheric Aerosol Intervention Under High Warming Scenario,Geophysical Research Letters,collab,"SAI; SRM; Climate & Ecosystems Impacts; Modeling & Methods; Climate Policy, Governance & Ethics"
/publication/2025-12-1-tipping,2025,Response of Tipping Elements to Different Strategies of Stratospheric Aerosol Injection,Earths Future,lead,SAI; SRM; Climate & Ecosystems Impacts
/publication/2025-8-21-AMOC,2025,"Stratospheric Aerosol Injection Could Prevent Future Atlantic Meridional Overturning Circulation Decline, But Injection Location is Key",Earths Future,lead,SAI; SRM; Climate & Ecosystems Impacts
/publicationsother/2025-06-18-CCMI,2025,Stratospheric Aerosol Intervention experiment for the Chemistry–Climate Model Initiative,Atmospheric Chemistry and Physics,collab,SAI; SRM; Atmospheric Chemistry & Dynamics
/publication/2025-1-15-Encyclopedia,2025,The Science of Solar Radiation Modification: Stratospheric Aerosol Injections and Marine Cloud Brightening,Encyclopedia of Atmospheric Sciences,lead,SAI; SRM
/publication/2025-8-13-optimization,2025,Using optimization tools to explore stratospheric aerosol injection strategies,Earth System Dynamics,lead,SAI; SRM
/publicationsother/2025-02-6-MJO,2025,Volcanically forced Madden–Julian oscillation triggers the immediate onset of El Nino,Nature Communications,collab,Volcanic Aerosols; Atmospheric Chemistry & Dynamics
/publication/2025-2-4-WCRP,2025,World Climate Research Programme lighthouse activity: an assessment of major research gaps in solar radiation modification research,Frontiers in Climate,lead,SRM
/publication/2024-05-26-SG_commentary,2024,A living assessment of different materials for stratospheric aerosol injection?Building bridges between model world and the messiness of reality,Geophysical Research Letters,lead,SAI; SRM
/publicationsothers/2024-05-14-Baseline_sulfate,2024,Analysis of the global atmospheric background sulfur budget in a multi-model framework,Atmos. Chem. Phys.,collab,"Atmospheric Chemistry & Dynamics; Modeling & Methods; Climate Policy, Governance & Ethics"
/publicationsothers/2024-06-01-SG_carbon,2024,Carbon cycle response to stratospheric aerosol injection with multiple temperature stabilization targets and strategies,Earths Future,collab,SAI; SRM; Climate & Ecosystems Impacts
/publicationsothers/2024-04-24-SG_modsec2,2024,Dependency of the impacts of geoengineering on the stratospheric sulfur injection strategy – Part 2: How changes in the hydrological cycle depend on the injection rate and model used,Earth System Dynamics,collab,SAI; SRM; Climate & Ecosystems Impacts
/publication/2024-07-09-SG_emulator1,2024,Emulating inconsistencies in stratospheric aerosol injection,Environ. Res.: Climate,lead,SAI; SRM; Modeling & Methods
/publication/2024-04-09-SG_GeoMIP,2024,G6-1.5K-SAI: a new Geoengineering Model Intercomparison Project (GeoMIP) experiment integrating recent advances in solar radiation modification studies,Geoscientific Model Development,lead,SAI; SRM; Modeling & Methods
/publication/2024-03-12-SG_Strategies,2024,Hemispherically symmetric strategies for stratospheric aerosol injection,Geophysical Research Letters,lead,SAI; SRM; Modeling & Methods
/publicationsother/2024-11-28-Risk,2024,Informative risk analyses of radiative forcing geoengineering require proper counterfactuals,Commun Earth Environ,collab,"SRM; Climate Policy, Governance & Ethics"
/publication/2024-06-30-SG_delay,2024,Kicking the can down the road: understanding the effects of delaying the deployment of stratospheric aerosol injection,Environ. Res.: Climate,lead,SAI; SRM
/publication/2024-11-16-Methane,2024,Managing the Global Wetland Methane-Climate Feedback: A Review of Potential Options,Global Change Biology,lead,Climate & Ecosystems Impacts
/publication/2024-11-27-Shipping,2024,Modeling 2020 regulatory changes in international shipping emissions helps explain anomalous 2023 warming,Earth System Dynamics,lead,Modeling & Methods
/publicationsothers/2024-06-01-SG_icesheets,2024,Multi-model simulation of solar geoengineering indicates avoidable destabilization of the West Antarctic ice sheet,Earths Future,collab,SAI; SRM; Climate & Ecosystems Impacts
/publication/2024-06-29-tilmes-sai-assessment-criteria,2024,Research criteria towards an interdisciplinary Stratospheric Aerosol Intervention assessment,Oxford Open Climate Change,lead,"SAI; SRM; Climate Policy, Governance & Ethics"
/publicationsothers/2024-02-28-SOCOL,2024,Side Effects of Sulfur-Based Geoengineering Due To Absorptivity of Sulfate Aerosols,Geophysical Research Letters,collab,SAI; SRM; Modeling & Methods
/publication/2024-04-22-SG_Volcanoes,2024,The Potential of Stratospheric Aerosol Injection to Reduce the Climatic Risks of Explosive Volcanic Eruptions,Geophysical Research Letters,lead,"SAI; SRM; Volcanic Aerosols; Climate Policy, Governance & Ethics"
/publication/2023-01-15-SG_multi1,2023,Climate response to off-equatorial stratospheric sulfur injections in three Earth System Models - Part 1: experimental protocols and surface changes,Atmos. Chem. Phys.,lead,SAI; SRM
/publication/2023-01-15-SG_multi2,2023,Climate response to off-equatorial stratospheric sulfur injections in three Earth System Models - Part 2: stratospheric and free-tropospheric response,Atmos. Chem. Phys.,lead,SAI; SRM; Atmospheric Chemistry & Dynamics
/publication/2023-09-05-Mod_WACCM,2023,"Climate, Variability, and Climate Sensitivity of Middle Atmosphere Chemistry Configurations of the Community Earth System Model Version 2, Whole Atmosphere Community Climate Model Version 6 (CESM2(WACCM6))",Journal of Advances in Modeling Earth Systems,lead,Atmospheric Chemistry & Dynamics; Modeling & Methods
/publication/2023-10-24-ARISE_UK,2023,Comparison of UKESM1 and CESM2 simulations using the same multi-target stratospheric aerosol injection strategy,Atmospheric Chemistry and Physics,collab,SAI; SRM; Atmospheric Chemistry & Dynamics; Modeling & Methods
/publication/2023-01-18-SG_Arctic,2023,High-Latitude Stratospheric Aerosol Injection to Preserve the Arctic,Earths Future,lead,SAI; SRM; Climate & Ecosystems Impacts
/publication/2023-11-02-SG_strat,2023,Injection strategy - a driver of atmospheric circulation and ozone response to stratospheric aerosol geoengineering,Atmospheric Chemistry and Physics,lead,"SAI; SRM; Atmospheric Chemistry & Dynamics; Climate Policy, Governance & Ethics"
/publication/2023-01-18-Volc_Pina,2023,Interactive stratospheric aerosol models response to different amounts and altitudes of SO2 injection during the 1991 Pinatubo eruption,Atmos. Chem. Phys.,lead,SAI; SRM; Volcanic Aerosols; Atmospheric Chemistry & Dynamics; Modeling & Methods
/publication/2023-10-04-Food,2023,Optimal climate intervention scenarios for crop production vary by nation,Nature Food,collab,"SAI; SRM; Climate & Ecosystems Impacts; Climate Policy, Governance & Ethics"
/publication/2023-10-08-bednarz-nonlinearities-sai,2023,Potential Non-Linearities in the High Latitude Circulation and Ozone Response to Stratospheric Aerosol Injection,Geophysical Research Letters,lead,"SAI; SRM; Atmospheric Chemistry & Dynamics; Climate & Ecosystems Impacts; Modeling & Methods; Climate Policy, Governance & Ethics"
/publication/2023-07-21-Altitude,2023,Quantifying the Efficiency of Stratospheric Aerosol Geoengineering at Different Altitudes,Atmos. Chem. Phys.,lead,SAI; SRM
/publication/2023-03-20-Call,2023,"Solar radiation modification is risky, but so is rejecting it: a call for balanced research",Oxford Open Climate Change,collab,"SRM; Climate Policy, Governance & Ethics"
/publication/2023-11-14-SG_Antarctic,2023,Stratospheric Aerosol Injection Can Reduce Risks to Antarctic Ice Loss Depending on Injection Location and Amount,Journal of Geophysical Research: Atmosphere,lead,"SAI; SRM; Climate & Ecosystems Impacts; Climate Policy, Governance & Ethics"
/publication/2023-08-23-choices,2023,The Choice of Baseline Period Influences the Assessments of the Outcomes of Stratospheric Aerosol Injection,Earths Future,lead,SAI; SRM; Modeling & Methods
/publication/2023-05-05-GeoMIP,2023,"The scientific and community-building roles of the Geoengineering Model Intercomparison Project (GeoMIP) - past, present, and future",Atmos. Chem. Phys.,lead,SRM; Modeling & Methods
/publication/2022-11-08-ENSO,2022,A Review of El Nino Southern Oscillation Linkage to Strong Volcanic Eruptions and Post-Volcanic Winter Warming,Earth Systems and Environment,collab,Volcanic Aerosols; Atmospheric Chemistry & Dynamics
/publication/2022-09-15-SG_polar,2022,A subpolar-focused stratospheric aerosol injection deployment scenario,Environmental Research Communications,collab,"SAI; SRM; Climate Policy, Governance & Ethics"
/publication/2022-05-02-SG_COS,2022,An approach to sulfate geoengineering with surface emissions of carbonyl sulfide,Atmos. Chem. Phys.,lead,SAI; SRM
/publication/2022-03-02-SG_H2SO4,2022,An interactive stratospheric aerosol model intercomparison of solar geoengineering by stratospheric injection of SO2 or accumulation-mode sulfuric acid aerosols,Atmospheric Chemistry and Physics,collab,SAI; SRM; Atmospheric Chemistry & Dynamics; Modeling & Methods
/publication/2022-11-15-SG_ARISE,2022,Assessing Responses and Impacts of Solar climate intervention on the Earth system with stratospheric aerosol injection (ARISE-SAI): protocol and initial results from the first simulations,Geoscientific Model Development,lead,SAI; SRM
/publication/2022-04-19-SG_Hadley,2022,Changes in Hadley circulation and intertropical convergence zone under strategic stratospheric aerosol geoengineering,npj Climate and Atmospheric Science,collab,SAI; SRM; Atmospheric Chemistry & Dynamics
/publication/2022-01-03-SG_modsec1,2022,Dependency of the impacts of geoengineering on the stratospheric sulfur injection strategy part 1: Intercomparison of modal and sectional aerosol module,Atmospheric Chemistry and Physics,collab,SAI; SRM; Atmospheric Chemistry & Dynamics; Modeling & Methods
/publication/2022-03-18-SG_GeoMIP,2022,Future Geoengineering Scenarios: Balancing Policy Relevance and Scientific Significance,Bulletin of the American Meteorological Society,lead,"SRM; Climate Policy, Governance & Ethics"
/publication/2022-01-24-SG_Space,2022,How large is the design space for stratospheric aerosol geoengineering?,Earth System Dynamics,collab,"SAI; SRM; Modeling & Methods; Climate Policy, Governance & Ethics"
/publication/2022-09-16-SG_SAM,2022,Impact of the Latitude of Stratospheric Aerosol Injection on the Southern Annular Mode,Geophysical Research Letters,lead,SAI; SRM; Atmospheric Chemistry & Dynamics
/publication/2022-08-26-SG_extrems,2022,Indices of extremes: geographic patterns of change in extremes and associated vegetation impacts under climate intervention,Earth System Dynamics,collab,SAI; SRM; Climate & Ecosystems Impacts
/publication/2022-01-03-SG_MAM,2022,Limitations of assuming internal mixing between different aerosol species: a case study with sulfate geoengineering simulations,Atmos. Chem. Phys.,lead,SAI; SRM; Atmospheric Chemistry & Dynamics; Climate & Ecosystems Impacts; Modeling & Methods
/publication/2022-08-08-SG_scenarios,2022,Scenarios for modeling solar radiation modification,Proceedings of the National Academy of Science,lead,"SRM; Climate Policy, Governance & Ethics"
/publication/2022-04-07-SG_Ozone,2022,Stratospheric ozone response to sulfate aerosol and solar dimming climate interventions based on the G6 Geoengineering Model Intercomparison Project (GeoMIP) simulations,Atmos. Chem. Phys.,lead,SAI; SRM; Atmospheric Chemistry & Dynamics; Modeling & Methods
/publication/2022-07-04-SG_solar,2022,The Overlooked Role of the Stratosphere Under a Solar Constant Reduction,Geophysical Research Letters,lead,SRM
/publication/2022-03-06-SG_NAO,2022,The impact of stratospheric aerosol intervention on the North Atlantic and Quasi-Biennial Oscillations in the Geoengineering Model Intercomparison Project (GeoMIP) G6sulfur experiment,Atmospheric Chemistry and Physics Discussion,collab,SAI; SRM; Atmospheric Chemistry & Dynamics; Modeling & Methods
/publication/2021-03-19-SG_G1,2021,Comparing different generations of idealized solar geoengineering simulations in the Geoengineering Model Intercomparison Project (GeoMIP),Atmospheric Chemistry and Physics,collab,SRM; Atmospheric Chemistry & Dynamics; Modeling & Methods
/publication/2021-06-07-SG_QBO,2021,Differences in the quasi-biennial oscillation response to stratospheric aerosol modification depending on injection strategy and species,Atmospheric Chemistry and Physics,collab,SAI; SRM; Atmospheric Chemistry & Dynamics
/publication/2021-05-23-CP_Moral_hazard,2021,From Moral Hazard to Risk-Response Feedback,Climate Risk Management,collab,"SRM; Climate Policy, Governance & Ethics"
/publication/2021-11-26-SG_Scenarios,2021,"From fAIrplay to climate wars: making climate change scenarios more dynamic, creative, and integrative",Ecology and Society,collab,"Climate Policy, Governance & Ethics"
/publication/2021-04-21-SG_Highlat,2021,High-Latitude Stratospheric Aerosol Geoengineering Can Be More Effective if Injection Is Limited to Spring,Geophysical Research Letters,collab,SAI; SRM; Climate & Ecosystems Impacts
/publication/2021-07-06-SG_GeoMIP,2021,Identifying the sources of uncertainty in climate model simulations of solar radiation modification with the G6sulfur and G6solar Geoengineering Model Intercomparison Project (GeoMIP) simulations,Atmos. Chem. Phys.,lead,SAI; SRM; Modeling & Methods
/publication/2021-02-10-SG_solar,2021,Is Turning Down the Sun a Good Proxy for Stratospheric Sulfate Geoengineering?,Journal of Geophysical Research: Atmospheres,lead,SAI; SRM
/publication/2021-04-05-SG_PNAS,2021,Potential ecological impacts of climate intervention by reflecting sunlight to cool Earth,Proceedings of the National Academy of Sciences,lead,SRM
/publication/2021-09-13-SG_ozone,2021,Sensitivity of total column ozone to stratospheric sulfur injection strategies,Geophysical Research Letter,collab,SAI; SRM; Atmospheric Chemistry & Dynamics
/publication/2020-12-14-EX_preindustrial,2020,Detection of pre-industrial societies on exoplanets,International Journal of Astrobiology,collab,Astrobiology
/publication/2020-11-23-SG_metrics,2020,Expanding the design space of stratospheric aerosol geoengineering to include precipitation-based objectives and explore trade-offs,Earth System Dynamics,collab,"SAI; SRM; Modeling & Methods; Climate Policy, Governance & Ethics"
/publication/2020-08-26-SG_polar_strat,2020,Reduced poleward transport due to stratospheric heating under stratospheric aerosols geoengineering,Geophysical Research Letters,lead,SAI; SRM; Atmospheric Chemistry & Dynamics
/publication/2020-06-09-SG_seasonal,2020,Seasonally Modulated Stratospheric Aerosol Geoengineering Alters the Climate Outcomes,Geophysical Research Letters,lead,SAI; SRM
/publication/2020-05-20-SG_deposition,2020,What goes up must come down: impacts of deposition in a sulfate geoengineering scenario,Environmental Research Letters,lead,"SAI; SRM; Climate & Ecosystems Impacts; Climate Policy, Governance & Ethics"
/publication/2019-08-12-CCMI_uv,2019,Clear sky ultraviolet radiation modelling using output from the Chemistry Climate Model Initiative,Atmospheric Chemistry and Physics,collab,"Atmospheric Chemistry & Dynamics; Climate Policy, Governance & Ethics"
/publication/2018-07-01-SG_seasonal,2019,Seasonal Injection Strategies for Stratospheric Aerosol Geoengineering,Geophysical Research Letters,lead,SAI; SRM; Climate & Ecosystems Impacts
/publication/2019-12-06-SG_highlat,2019,Stratospheric Sulfate Aerosol Geoengineering Could Alter the High-Latitude Seasonal Cycle,Geophysical Research Letters,collab,SAI; SRM; Atmospheric Chemistry & Dynamics
/publication/2019-09-13-CCMI_nudging,2019,The effect of atmospheric nudging on the stratospheric residual circulation in chemistry-climate models,Atmospheric Chemistry and Physics,collab,Atmospheric Chemistry & Dynamics
/publication/2019-01-24-CCMI_mixing,2019,The influence of mixing on the stratospheric age of air changes in the 21st century,Atmospheric Chemistry and Physics,collab,Atmospheric Chemistry & Dynamics
/publication/2018-06-15-CCMI_returndates,2018,Estimates of ozone return dates from Chemistry-Climate Model Initiative simulations,Atmospheric Chemistry and Physics,collab,Atmospheric Chemistry & Dynamics
/publication/2018-05-25-CCMI_transport,2018,Large-scale tropospheric transport in the Chemistry-Climate Model Initiative (CCMI) simulations,Atmospheric Chemistry and Physics,collab,Atmospheric Chemistry & Dynamics
/publication/2018-01-29-CCMI_sensitivity,2018,Ozone sensitivity to varying greenhouse gases and ozone-depleting substances in CCMI-1 simulations,Atmospheric Chemistry and Physics,collab,Atmospheric Chemistry & Dynamics
/publication/2018-05-14-CCMI_mixing,2018,Quantifying the effect of mixing on the mean age of air in CCMVal-2 and CCMI-1 models,Atmospheric Chemistry and Physics,collab,Atmospheric Chemistry & Dynamics
/publication/2018-06-18-CCMI_temperature,2018,Revisiting the Mystery of Recent Stratospheric Temperature Trends,Geophysical Research Letters,collab,Modeling & Methods
/publication/2018-05-14-CCMI_bromine,2018,Stratospheric Injection of Brominated Very Short-Lived Substances: Aircraft Observations in the Western Pacific and Representation in Global Models,Journal of Geophysical Research: Atmosphere,collab,SAI; SRM; Modeling & Methods
/publication/2018-01-15-CCMI_vortex,2018,Stratospheric ozone loss over the Eurasian continent induced by the polar vortex shift,Nature Communications,collab,Atmospheric Chemistry & Dynamics
/publication/2018-02-27-SG_deposition,2018,Sulfur deposition changes under sulfate geoengineering conditions: quasi-biennial oscillation effects on the transport and lifetime of stratospheric aerosols,Atmospheric Chemistry and Physics,lead,SAI; SRM; Atmospheric Chemistry & Dynamics; Climate & Ecosystems Impacts
/publication/2018-11-13-CCMI_tropogauss,2018,Tropospheric ozone in CCMI models and Gaussian process emulation to understand biases in the SOCOLv3 chemistry-climate model,Atmospheric Chemistry and Physics,collab,Atmospheric Chemistry & Dynamics; Modeling & Methods
/publication/2018-10-17-SG_ice,2018,Upper tropospheric ice sensitivity to sulfate geoengineering,Atmospheric Chemistry and Physics,lead,SAI; SRM; Atmospheric Chemistry & Dynamics
/publication/2017-10-4-CCMI_OH,2017,Deriving Global OH Abundance and Atmospheric Lifetimes for Long-Lived Gases: A Search for CH3CCl3 Alternatives,Journal of Geophysical Research: Atmosphere,collab,Modeling & Methods
/publication/2017-09-21-SG_methane,2017,Sulfate geoengineering impact on methane transport and lifetime: results from the Geoengineering Model Intercomparison Project (GeoMIP),Atmospheric Chemistry and Physics,lead,SAI; SRM; Atmospheric Chemistry & Dynamics; Climate & Ecosystems Impacts; Modeling & Methods
/publication/2017-03-21-SG_review,2017,Sulfate geoengineering: a review of the factors controlling the needed injection of sulfur dioxide,Atmospheric Chemistry and Physics,lead,SAI; SRM; Atmospheric Chemistry & Dynamics
/publication/2016-11-22-Volc_BDC,2016,Impact of Stratospheric Volcanic Aerosols on Age-of-Air and Transport of Long-Lived Species,Atmosphere,collab,Volcanic Aerosols; Atmospheric Chemistry & Dynamics
/publication/2016-5-26-Volc_QBO,2016,Stratospheric Aerosols from Major Volcanic Eruptions: A Composition-Climate Model Study of the Aerosol Cloud Dispersal and e-folding Time,Atmosphere,collab,SAI; SRM; Volcanic Aerosols; Atmospheric Chemistry & Dynamics
/publication/2016-6-23-Volc_noexp,2016,Sulfate Aerosols from Non-Explosive Volcanoes: Chemical-Radiative Effects in the Troposphere and Lower Stratosphere,Atmosphere,collab,SAI; SRM; Volcanic Aerosols
